state_name,state_id,X,Y,coal,iron,lead,sulfur,region
SVEALAND,1,1126,138,0,36,18,0,west_europe
GOTALAND,2,1107,153,0,15,0,0,west_europe
SCANIA,3,1097,165,8,0,0,0,west_europe
NORRLAND,4,1121,115,0,40,0,0,west_europe
GOTLAND,5,1128,157,0,0,0,0,west_europe
JUTLAND,6,1079,160,0,0,0,0,west_europe
ZEALAND,7,1093,169,0,0,0,0,west_europe
WESTERN_NORWAY,8,1069,149,0,0,0,20,west_europe
NORTHERN_NORWAY,9,1079,107,0,18,0,20,west_europe
EASTERN_NORWAY,10,1084,138,0,18,0,0,west_europe
ICELAND,11,900,98,0,0,0,20,west_europe
GREENLAND,12,727,94,0,0,0,0,west_europe
HOME_COUNTIES,15,1022,202,40,0,0,0,west_europe
LANCASHIRE,16,1009,186,100,60,45,0,west_europe
WALES,17,1011,202,80,0,0,0,west_europe
YORKSHIRE,18,1015,182,100,75,27,0,west_europe
HIGHLANDS,19,1001,158,0,0,0,0,west_europe
MIDLANDS,20,1011,197,80,60,0,40,west_europe
EAST_ANGLIA,21,1022,196,40,30,0,0,west_europe
WEST_COUNTRY,22,1008,205,0,0,60,0,west_europe
LOWLANDS,23,1004,170,60,15,0,0,west_europe
ULSTER,24,989,178,0,0,0,0,west_europe
MUNSTER,25,972,201,0,0,24,0,west_europe
LEINSTER,26,986,186,0,33,27,0,west_europe
CONNAUGHT,27,972,187,0,0,0,48,west_europe
ILE_DE_FRANCE,28,1033,224,0,0,0,0,west_europe
PROVENCE,29,1053,260,0,0,0,0,west_europe
NORMANDY,30,1029,217,0,30,0,0,west_europe
LANGUEDOC,31,1038,267,0,0,0,0,west_europe
RHONE,32,1051,246,100,36,36,0,west_europe
FRENCH_LOW_COUNTRIES,33,1041,210,100,0,0,0,west_europe
PICARDY,34,1057,224,0,0,0,0,west_europe
ALSACE_LORRAINE,35,1066,224,60,60,0,0,west_europe
POITOU,36,1027,243,0,0,0,0,west_europe
GUYENNE,37,1030,257,0,0,0,0,west_europe
AUVERGNE_LIMOUSIN,38,1030,244,56,15,0,0,west_europe
BRITTANY,39,1012,235,0,0,0,0,west_europe
BURGUNDY,40,1049,235,0,33,0,0,west_europe
CHAMPAGNE,41,1045,221,0,21,0,0,west_europe
FRANCHE_COMTE,42,1057,235,0,20,0,0,west_europe
LORRAINE,43,1059,224,0,60,45,40,west_europe
AQUITAINE,44,1019,251,70,0,0,0,west_europe
ORLEANS,45,1033,229,0,0,0,0,west_europe
HOLLAND,46,1051,195,0,0,0,0,west_europe
FRIESLAND,47,1061,189,0,0,0,0,west_europe
GELRE,48,1052,202,40,0,0,0,west_europe
WALLONIA,49,972,204,80,60,30,30,west_europe
FLANDERS,50,1050,208,0,0,0,0,west_europe
AUSTRIA,51,1117,227,44,0,0,0,west_europe
BOHEMIA,52,1106,213,48,45,0,0,west_europe
MORAVIA,53,1117,220,56,0,0,0,west_europe
STYRIA,54,1110,236,40,24,24,0,west_europe
TYROL,55,1085,235,0,36,0,0,west_europe
SOUTH_TYROL,56,1087,243,0,0,0,0,west_europe
POMERANIA,57,1106,190,0,0,0,0,west_europe
ELBE,58,1079,186,0,0,0,0,west_europe
EAST_SWITZERLAND,59,1070,233,0,30,30,0,west_europe
WEST_SWITZERLAND,60,1065,236,48,24,24,0,west_europe
WESTPHALIA,61,1065,202,80,36,0,32,west_europe
ANHALT,62,1091,198,44,0,0,0,west_europe
RHINELAND,63,1063,219,60,0,30,0,west_europe
NORTH_RHINE,64,1061,207,25,20,0,0,west_europe
BRANDENBURG,65,1101,194,44,0,0,0,west_europe
SCHLESWIG_HOLSTEIN,66,1082,182,0,0,0,0,west_europe
WURTTEMBERG,67,1078,224,0,0,0,0,west_europe
BADEN,68,1072,221,20,15,0,0,west_europe
HANNOVER,69,1080,197,0,24,0,0,west_europe
BRUNSWICK,70,1083,199,40,45,45,0,west_europe
BAVARIA,71,1090,227,60,30,30,0,west_europe
FRANCONIA,72,1084,220,0,30,0,0,west_europe
SAXONY,73,1104,206,80,30,0,80,west_europe
HESSE,74,1074,214,60,30,0,40,west_europe
MECKLENBURG,75,1087,187,0,0,0,0,west_europe
RUHR,584,1063,205,55,10,0,0,west_europe
MAINE_ANJOU,970,1018,235,0,30,0,0,west_europe
LOMBARDY,76,1077,248,0,27,19,0,south_europe
PIEDMONT,77,1068,251,28,45,45,0,south_europe
SARDINIA,78,1072,281,20,21,21,20,south_europe
MALTA,79,1106,312,0,0,0,0,south_europe
UMBRIA,80,1100,262,0,9,0,0,south_europe
CORSICA,81,1075,273,0,0,0,0,south_europe
CAMPANIA,82,1107,278,0,0,0,0,south_europe
CALABRIA,83,1117,288,16,24,0,0,south_europe
APULIA,84,1119,278,0,0,0,0,south_europe
ABRUZZO,85,1106,272,0,0,0,0,south_europe
SAVOY,86,1060,243,0,24,24,0,south_europe
EMILIA,87,1079,251,0,24,0,0,south_europe
TUSCANY,88,1088,259,0,60,0,40,south_europe
ROMAGNA,89,1088,254,0,0,0,48,south_europe
LAZIO,90,-1,-1,0,0,0,0,south_europe
VENETIA,91,1085,246,44,0,0,36,south_europe
SICILY,92,1099,299,0,0,0,100,south_europe
TOLEDO,93,1002,285,0,0,0,0,south_europe
GALICIA,94,973,265,0,14,0,0,south_europe
ASTURIAS,691,991,262,65,14,0,0,south_europe
CASTILE,95,1002,269,36,27,0,0,south_europe
NAVARRA,96,1012,265,17,60,0,0,south_europe
ARAGON,97,1015,273,36,18,36,0,south_europe
CATALONIA,98,1034,273,0,0,24,0,south_europe
BALEARES,99,1031,291,0,0,0,0,south_europe
ANDALUSIA,100,989,302,0,30,0,60,south_europe
GRANADA,101,1002,306,0,0,0,0,south_europe
BADAJOZ,102,984,293,0,0,0,0,south_europe
VALENCIA,103,1019,288,60,30,30,0,south_europe
BEIRA,104,978,274,0,0,0,0,south_europe
ESTREMADURA,105,974,295,0,0,0,0,south_europe
ALENTEJO,106,978,295,28,24,0,20,south_europe
CAPE_VERDE,107,887,435,0,0,0,0,south_europe
CANARY_ISLANDS,1010,929,359,0,0,0,0,south_europe
AZORES,1011,877,299,0,0,0,0,south_europe
MADEIRA,1012,930,330,0,0,0,0,south_europe
EASTERN_THRACE,108,1186,276,0,18,0,0,south_europe
DOBRUDJA,109,1189,251,0,0,0,0,south_europe
ALBANIA,110,1138,276,0,24,0,0,south_europe
BOSNIA,111,1128,258,0,48,39,0,south_europe
NORTHERN_THRACE,112,1167,273,0,33,0,0,south_europe
BULGARIA,113,1154,266,0,0,0,0,south_europe
SLOVENIA,114,1105,242,60,0,0,0,south_europe
DALMATIA,115,1118,260,0,0,0,0,south_europe
CROATIA,116,1114,244,60,0,0,0,south_europe
SLAVONIA,117,1130,249,0,0,0,0,south_europe
ISTRIA,118,1103,246,44,0,0,0,south_europe
MONTENEGRO,119,1133,268,0,0,24,0,south_europe
NORTHERN_SERBIA,120,1141,254,0,24,0,0,south_europe
SOUTHERN_SERBIA,121,1143,266,40,0,36,0,south_europe
CRETE,122,1160,315,0,0,0,0,south_europe
WEST_AEGEAN_ISLANDS,123,1201,293,0,0,0,0,south_europe
EAST_AEGEAN_ISLANDS,1001,1170,290,0,0,0,0,south_europe
ATTICA,124,1157,297,0,0,21,32,south_europe
THESSALIA,125,1150,287,0,0,0,0,south_europe
SKOPIA,126,1147,270,0,36,0,0,south_europe
MACEDONIA,127,1150,282,0,0,0,0,south_europe
WESTERN_THRACE,128,1161,277,0,27,0,0,south_europe
IONIAN_ISLANDS,129,1136,287,0,0,0,0,south_europe
PELOPONNESE,130,1151,303,0,21,0,0,south_europe
MAZOVIA,154,1133,193,24,0,0,0,east_europe
SILESIA,155,1121,206,120,60,54,40,east_europe
GREATER_POLAND,156,1135,199,84,48,24,0,east_europe
LESSER_POLAND,157,1150,206,108,32,0,32,east_europe
WEST_PRUSSIA,158,1129,182,0,0,0,40,east_europe
EAST_PRUSSIA,159,1138,179,0,0,0,0,east_europe
POSEN,160,1120,198,0,24,0,0,east_europe
WEST_GALICIA,161,1113,223,140,33,0,0,east_europe
EAST_GALICIA,162,1160,217,92,0,0,0,east_europe
CENTRAL_HUNGARY,163,1133,232,20,30,0,0,east_europe
BEKES,164,1149,239,0,0,0,0,east_europe
TRANSDANUBIA,165,1129,235,84,0,0,0,east_europe
DELVIDEK,166,1137,247,0,0,0,0,east_europe
BANAT,167,1144,247,0,0,0,0,east_europe
WEST_SLOVAKIA,168,1121,227,44,63,0,0,east_europe
EAST_SLOVAKIA,169,1144,224,92,0,33,0,east_europe
SOUTHERN_TRANSYLVANIA,170,1166,243,0,45,45,0,east_europe
NORTHERN_TRANSYLVANIA,171,1156,237,48,63,0,0,east_europe
MOLDAVIA,172,1178,232,0,30,0,0,east_europe
WALLACHIA,173,1171,254,68,21,0,15,east_europe
BESSARABIA,174,1188,236,0,0,0,0,east_europe
LOWER_EGYPT,175,1202,349,0,0,0,20,north_africa
UPPER_EGYPT,176,1210,377,0,0,0,0,north_africa
MIDDLE_EGYPT,177,1198,354,0,0,0,0,north_africa
EGYPTIAN_DESERT,178,1207,393,0,0,0,0,north_africa
MATRUH,179,1166,341,0,0,0,0,north_africa
SINAI,180,1207,344,0,24,24,0,north_africa
ERITREA,181,1249,437,0,15,0,0,north_africa
DONGOLA,182,1225,416,0,0,0,0,north_africa
KORDOFAN,183,1195,452,0,0,0,0,north_africa
DARFUR,184,1175,464,0,0,0,0,north_africa
BLUE_NILE,185,1208,434,0,0,0,0,north_africa
MARRAKECH,186,980,337,0,30,0,0,north_africa
FEZ,187,994,320,0,0,0,32,north_africa
AL_RIF,188,990,315,6,0,0,0,north_africa
INNER_MOROCCO,189,965,358,6,30,30,0,north_africa
ALGIERS,190,1040,307,0,10,7,0,north_africa
CONSTANTINE,191,1060,310,0,55,19,18,north_africa
ORAN,192,1023,317,0,12,0,0,north_africa
TUNISIA,193,1077,303,0,0,15,48,north_africa
TRIPOLI,585,1096,367,0,0,0,0,north_africa
LIBYA,586,1138,337,0,0,0,0,north_africa
LIBYAN_DESERT,587,1147,378,0,0,0,0,north_africa
SAHARA,194,1011,363,16,0,0,0,north_africa
EAST_SAHARA,195,1030,401,0,0,0,0,north_africa
WEST_SAHARA,196,949,366,0,0,0,36,north_africa
MAURITANIA,197,950,426,0,45,0,0,north_africa
INNER_MAURITANIA,198,938,436,0,27,0,0,north_africa
EASTERN_MALI,199,989,460,0,0,0,0,north_africa
WESTERN_MALI,200,959,446,0,0,0,0,north_africa
TIMBUKTU,201,1025,434,36,0,0,36,north_africa
NIGER,202,1070,412,36,0,18,24,north_africa
CHAD,203,1118,450,0,0,0,0,north_africa
IVORY_COAST,204,998,488,0,0,0,0,subsaharan_africa
WINDWARD_COAST,205,987,487,0,24,0,0,subsaharan_africa
SENEGAL,206,931,432,0,30,0,40,subsaharan_africa
GAMBIA,207,931,456,0,0,0,0,subsaharan_africa
SIERRA_LEONE,208,961,479,0,36,0,0,subsaharan_africa
VOLTA,209,1015,453,0,0,0,0,subsaharan_africa
LIBERIA,210,974,491,0,33,0,0,subsaharan_africa
HAUSALAND,211,1053,453,0,0,0,0,subsaharan_africa
BENIN,212,1051,490,48,36,0,0,subsaharan_africa
YORUBA_STATES,213,1041,483,0,0,0,0,subsaharan_africa
NIGER_DELTA,214,1071,498,0,0,0,0,subsaharan_africa
OUTER_HAUSALAND,215,1037,450,48,0,0,0,subsaharan_africa
BORNU,216,1091,460,0,0,0,0,subsaharan_africa
NIGERIA,217,1085,465,0,45,45,0,subsaharan_africa
EAST_HAUSALAND,218,1069,475,72,0,0,0,subsaharan_africa
GUINEA,219,924,471,0,0,0,0,subsaharan_africa
GHANA,220,1012,490,0,0,0,0,subsaharan_africa
TOGO,221,1030,475,0,0,0,44,subsaharan_africa
DAHOMEY,222,1035,488,0,0,0,0,subsaharan_africa
LINDI,223,1234,561,44,33,0,0,subsaharan_africa
ZANZIBAR,224,1244,553,0,0,0,0,subsaharan_africa
TANGANYIKA,225,1196,536,72,48,0,0,subsaharan_africa
KENYA,226,1241,535,0,0,0,0,subsaharan_africa
RIFT_VALLEY,227,1229,536,48,0,0,0,subsaharan_africa
OROMIA,228,1246,472,0,0,0,0,subsaharan_africa
AMHARA,229,1229,483,0,0,0,0,subsaharan_africa
GONDER,230,1237,453,0,0,0,0,subsaharan_africa
KAZEMBE,231,1199,587,48,0,0,0,subsaharan_africa
SOMALILAND,232,1279,514,0,24,0,0,subsaharan_africa
SOUTH_MADAGASCAR,233,1289,648,80,0,0,0,subsaharan_africa
NORTH_MADAGASCAR,234,1291,636,0,0,0,0,subsaharan_africa
UGANDA,235,1208,524,0,0,0,0,subsaharan_africa
EQUATORIA,236,1203,498,0,0,0,0,subsaharan_africa
MOCAMBIQUE,237,1246,614,0,0,0,0,subsaharan_africa
WADDAI,238,1110,460,0,0,0,0,subsaharan_africa
NORTH_CAMEROON,239,1099,472,0,0,0,0,subsaharan_africa
SOUTH_CAMEROON,240,1086,505,0,0,0,0,subsaharan_africa
UBANGI_SHARI,241,1128,498,48,0,0,0,subsaharan_africa
CONGO,242,1110,547,48,0,0,0,subsaharan_africa
CONGO_ORIENTALE,243,1166,521,44,0,0,0,subsaharan_africa
KASAI,244,1151,558,0,27,0,0,subsaharan_africa
BAS_CONGO,245,1113,550,0,36,0,0,subsaharan_africa
EQUATEUR,246,1130,524,0,0,0,0,subsaharan_africa
NORTH_ANGOLA,247,1101,572,0,0,0,0,subsaharan_africa
SOUTH_ANGOLA,248,1096,614,0,0,0,0,subsaharan_africa
EAST_ANGOLA,249,1120,581,80,0,27,0,subsaharan_africa
KATANGA,250,1152,577,0,27,0,0,subsaharan_africa
GABON,251,1079,521,0,0,0,0,subsaharan_africa
ZAMBIA,252,1180,610,36,0,33,0,subsaharan_africa
ZAMBEZIA,253,1216,618,0,33,0,0,subsaharan_africa
ZAMBEZI,254,1202,626,44,0,0,0,subsaharan_africa
NAMAQUALAND,255,1124,663,32,0,0,0,subsaharan_africa
HEREROLAND,256,1120,640,40,0,0,0,subsaharan_africa
ZULULAND,257,1195,700,72,0,0,0,subsaharan_africa
VRYSTAAT,258,1171,697,60,30,0,0,subsaharan_africa
TRANSVAAL,259,1186,674,104,60,0,0,subsaharan_africa
EASTERN_CAPE,260,1173,722,56,0,0,0,subsaharan_africa
CAPE_COLONY,261,1130,726,0,0,0,0,subsaharan_africa
NORTHERN_CAPE,262,1151,707,0,33,0,0,subsaharan_africa
BOTSWANA,263,1171,667,48,0,0,0,subsaharan_africa
LOURENCO_MARQUES,264,1204,659,40,0,0,0,subsaharan_africa
DISTRICT_OF_COLUMBIA,265,585,293,0,0,0,0,north_america
LOUISIANA,266,504,345,24,0,0,32,north_america
NEW_YORK,267,576,264,0,45,0,0,north_america
VIRGINIA,268,582,300,60,30,0,0,north_america
ALASKA,269,170,127,32,0,0,0,north_america
WASHINGTON,270,326,228,32,0,0,0,north_america
OREGON,271,323,247,0,0,0,0,north_america
IDAHO,272,358,261,0,0,0,0,north_america
COLORADO,273,427,289,40,0,0,0,north_america
WYOMING,274,425,277,48,0,0,0,north_america
MONTANA,275,387,239,80,33,0,0,north_america
NORTH_DAKOTA,276,447,239,48,0,0,0,north_america
SOUTH_DAKOTA,277,458,254,32,0,0,0,north_america
NEBRASKA,278,476,276,0,0,0,0,north_america
KANSAS,279,470,299,32,0,18,0,north_america
OKLAHOMA,280,477,314,40,0,0,0,north_america
ARKANSAS,281,499,322,0,0,45,0,north_america
MISSOURI,282,507,294,0,0,36,0,north_america
IOWA,283,492,277,64,0,0,40,north_america
MINNESOTA,284,490,250,0,45,0,40,north_america
WISCONSIN,285,520,266,0,24,0,32,north_america
INDIANA,286,531,288,48,0,0,0,north_america
MICHIGAN,287,549,269,0,60,0,32,north_america
OHIO,288,548,284,60,0,36,0,north_america
KENTUCKY,289,542,298,140,33,0,0,north_america
TENNESSEE,290,528,310,0,30,0,0,north_america
MISSISSIPPI,291,511,336,40,0,0,0,north_america
ALABAMA,292,529,329,28,30,24,0,north_america
FLORIDA,293,543,347,0,0,0,42,north_america
GEORGIA,294,547,333,0,0,0,0,north_america
WEST_VIRGINIA,295,558,296,80,24,0,0,north_america
MARYLAND,296,588,289,0,0,0,0,north_america
DELAWARE,1023,593,288,0,0,0,0,north_america
PENNSYLVANIA,297,593,284,120,57,0,0,north_america
NEW_JERSEY,298,599,284,0,45,0,0,north_america
ILLINOIS,299,523,273,60,0,90,0,north_america
RHODE_ISLAND,300,618,274,0,0,0,0,north_america
CONNECTICUT,301,608,276,0,15,0,0,north_america
MASSACHUSETTS,302,618,270,56,36,0,0,north_america
NEW_HAMPSHIRE,303,616,262,0,0,0,0,north_america
VERMONT,304,608,253,0,18,0,0,north_america
MAINE,305,628,255,0,0,0,0,north_america
NORTH_CAROLINA,306,575,314,32,0,0,0,north_america
UTAH,307,386,280,0,30,0,0,north_america
SOUTH_CAROLINA,308,562,326,0,0,0,0,north_america
HAWAIIAN_ISLANDS,309,123,401,0,12,0,0,north_america
ONTARIO,310,591,249,0,0,0,48,north_america
NEW_BRUNSWICK,311,687,273,44,0,54,0,north_america
QUEBEC,312,605,247,0,60,0,0,north_america
NEWFOUNDLAND,313,720,233,0,24,24,0,north_america
ALBERTA,314,372,187,48,0,0,32,north_america
BRITISH_COLUMBIA,315,323,186,28,0,0,36,north_america
SASKATCHEWAN,316,425,209,40,0,0,0,north_america
MANITOBA,317,468,214,0,0,0,0,north_america
YUKON_TERRITORY,318,293,133,0,15,0,0,north_america
NORTHWEST_TERRITORIES,319,365,127,0,18,0,0,north_america
NUNAVUT,320,498,108,0,0,0,0,north_america
BERMUDA,321,667,331,0,0,0,0,north_america
TEXAS,322,468,348,28,0,0,36,north_america
NEVADA,323,471,264,0,24,0,0,north_america
ARIZONA,324,391,337,0,21,0,0,north_america
NEW_MEXICO,325,421,314,20,0,0,0,north_america
CALIFORNIA,326,329,295,0,33,0,40,north_america
SONORA,327,393,356,0,27,0,0,north_america
CHIHUAHUA,328,419,355,0,0,18,0,north_america
RIO_GRANDE,329,451,374,0,0,0,0,north_america
DURANGO,330,427,386,0,17,0,0,north_america
SINALOA,671,454,386,0,17,0,0,north_america
BAJIO,672,445,410,0,23,0,0,north_america
YUCATAN,331,515,404,0,0,0,0,north_america
MEXICO,332,458,412,0,9,12,0,north_america
VERACRUZ,670,473,412,0,9,12,0,north_america
GUERRERO,333,456,428,24,0,15,0,north_america
OAXACA,673,470,427,24,0,15,0,north_america
JALISCO,334,435,405,0,33,0,0,north_america
ZACATECAS,335,438,393,0,23,0,0,north_america
CHIAPAS,336,492,427,0,0,0,0,north_america
BAJA_CALIFORNIA,337,397,389,0,0,0,0,north_america
SAN_SALVADOR,338,513,447,0,0,0,0,central_america
GUATEMALA,339,507,444,0,30,0,0,central_america
HONDURAS,340,528,445,0,0,0,0,central_america
NICARAGUA,341,532,457,0,0,0,0,central_america
COSTA_RICA,342,544,470,24,0,0,0,central_america
PANAMA,343,571,472,36,0,0,0,central_america
HAITI,344,612,413,0,0,0,0,central_america
SANTO_DOMINGO,345,620,412,0,0,0,0,central_america
PUERTO_RICO,346,642,420,0,0,0,0,central_america
BAHAMAS,347,581,386,0,0,0,0,central_america
WEST_INDIES,348,675,441,0,0,0,0,central_america
JAMAICA,349,585,422,0,0,0,0,central_america
CUBA,350,554,392,16,18,0,0,central_america
ECUADOR,351,575,524,28,30,0,0,south_america
GUAYANA,352,710,493,0,0,0,0,south_america
ZULIA,353,629,468,24,0,0,32,south_america
MIRANDA,354,644,467,0,0,0,0,south_america
BOLIVAR,355,661,480,0,30,0,0,south_america
ANTIOQUIA,356,591,491,32,36,0,0,south_america
GUAVIARE,357,604,502,0,0,0,0,south_america
CUNDINAMARCA,358,604,498,20,0,0,0,south_america
CAUCA,359,587,505,20,0,0,0,south_america
PASTAZA,360,605,546,28,0,0,0,south_america
TARAPACA,361,624,644,0,18,0,24,south_america
ANTOFAGASTA,362,624,662,0,30,0,48,south_america
SANTA_CRUZ,363,664,629,0,0,0,0,south_america
LA_PAZ,364,636,618,0,0,0,0,south_america
POTOSI,365,650,639,0,0,12,0,south_america
CAJAMARCA,366,575,570,20,0,0,0,south_america
LIMA,367,588,595,0,21,30,28,south_america
ICA,368,614,603,0,36,0,32,south_america
AREQUIPA,369,614,618,0,21,0,32,south_america
URUGUAY,370,704,730,0,0,0,0,south_america
JUJUY,371,652,670,0,36,18,0,south_america
ALTO_PARAGUAY,372,689,662,0,0,0,0,south_america
BAJO_PARAGUAY,373,697,674,0,15,0,0,south_america
BUENOS_AIRES,374,689,730,0,0,0,0,south_america
PATAGONIA,375,637,760,32,0,0,20,south_america
RIO_NEGRO,376,631,719,40,0,0,52,south_america
LA_PAMPA,377,658,712,0,0,0,0,south_america
SANTA_FE,378,676,712,0,0,0,0,south_america
CORRIENTES,379,703,686,0,0,0,0,south_america
TUCUMAN,380,650,682,0,39,15,0,south_america
CHACO,381,686,686,0,0,0,0,south_america
SANTIAGO,382,617,724,0,33,0,36,south_america
LOS_RIOS,383,610,741,60,0,24,32,south_america
ARAUCANIA,384,617,862,0,0,0,40,south_america
SOUTH_ATLANTIC_ISLANDS,385,689,849,0,0,0,0,south_america
PARA,397,746,536,0,78,0,0,south_america
MARANHAO,396,769,542,0,0,0,0,south_america
AMAZONAS,386,675,543,0,0,0,0,south_america
ACRE,665,612,570,0,0,0,0,south_america
GOIAS,666,738,618,0,0,0,0,south_america
MATO_GROSSO,387,713,644,0,18,0,0,south_america
RIO_GRANDE_DO_SUL,388,734,701,28,0,30,0,south_america
PARANA,389,743,674,20,0,0,0,south_america
SANTA_CATARINA,663,742,679,20,0,0,0,south_america
SAO_PAULO,390,759,660,0,0,0,0,south_america
MINAS_GERAIS,391,775,640,0,45,30,0,south_america
RIO_DE_JANEIRO,392,776,655,0,0,0,0,south_america
BAHIA,393,805,596,0,15,0,0,south_america
RIO_GRANDE_DO_NORTE,394,821,558,0,0,0,0,south_america
CEARA,661,803,547,0,18,0,0,south_america
PIAUI,660,788,547,0,36,0,0,south_america
PARAIBA,662,820,565,0,0,0,0,south_america
PERNAMBUCO,395,823,570,0,0,0,0,south_america
NEJD,398,1291,382,0,0,0,0,middle_east
OMAN,399,1354,389,0,0,0,0,middle_east
ABU_DHABI,400,1311,373,0,0,0,0,middle_east
YEMEN,401,1277,450,0,0,12,0,middle_east
HEDJAZ,402,1250,404,0,0,0,28,middle_east
HAIL,403,1276,374,0,0,0,0,middle_east
CYPRUS,404,1215,316,0,0,0,0,middle_east
TRANSJORDAN,405,1228,334,0,0,0,0,middle_east
PALESTINE,406,1224,336,0,24,0,0,middle_east
LEBANON,407,1226,325,44,0,0,0,middle_east
SYRIA,408,1230,326,0,0,0,0,middle_east
ALEPPO,409,1237,310,0,0,0,0,middle_east
BAGHDAD,410,1276,329,0,0,0,0,middle_east
MOSUL,411,1267,310,0,0,0,36,middle_east
DEIR_EZ_ZOR,412,1254,314,0,0,0,0,middle_east
BASRA,413,1297,348,0,0,0,32,middle_east
FARS,414,1319,349,0,5,0,28,middle_east
LARISTAN,415,1341,362,0,11,0,0,middle_east
KERMAN,2003,1357,349,14,40,0,22,middle_east
SISTAN,416,1370,367,12,14,0,0,middle_east
KHORASAN,417,1364,311,12,22,0,0,middle_east
KHUZESTAN,418,1300,341,0,0,0,22,middle_east
ISFAHAN,419,1319,333,22,51,28,0,middle_east
MAZANDARAN,420,1324,307,22,11,0,0,middle_east
IRAKAJEMI,421,1317,315,28,7,10,0,middle_east
SEMNAN,2004,1338,319,0,4,8,0,middle_east
TABRIZ,422,1287,299,20,20,25,0,middle_east
URMIA,2001,1279,300,0,10,0,0,middle_east
LURISTAN,423,1297,326,0,2,0,0,middle_east
PERSIAN_KURDISTAN,2002,1276,318,0,3,0,0,middle_east
HUDAVENDIGAR,424,1186,284,0,0,0,0,middle_east
AYDIN,425,1177,292,48,0,0,0,middle_east
KONYA,426,1208,299,0,0,0,0,middle_east
KASTAMONU,427,1216,277,72,0,0,0,middle_east
DIYARBAKIR,428,1240,295,32,0,0,0,middle_east
ADANA,429,1225,304,44,0,0,0,middle_east
TRABZON,430,1236,278,0,21,0,0,middle_east
ERZURUM,431,1257,284,0,30,36,0,middle_east
ANKARA,432,1223,292,0,0,0,0,middle_east
KARS,991,1269,280,0,0,0,0,middle_east
DAGESTAN,433,1293,263,0,0,0,0,central_asia
KUBAN,434,1247,247,10,10,27,0,central_asia
ARMENIA,435,1280,284,0,27,21,0,central_asia
AZERBAIJAN,436,1304,281,0,0,18,0,central_asia
GREATER_CAUCASUS,437,1277,273,40,24,20,0,central_asia
SAMARA,438,1308,191,30,5,0,15,central_asia
TARTARIA,440,1283,201,0,15,0,0,central_asia
ASTRAKHAN,588,1295,239,0,30,0,30,central_asia
UZBEKIA,443,1406,287,0,0,0,0,central_asia
TAJIKISTAN,444,1414,292,36,0,0,0,central_asia
KIRGHIZIA,445,1447,266,32,0,0,0,central_asia
TURKMENIA,446,1355,299,0,0,0,40,central_asia
PASHTUNISTAN,449,1428,324,0,0,4,0,central_asia
CENTRAL_HIGHLANDS,450,1410,317,0,16,8,0,central_asia
NORTHERN_BALUCHISTAN,2005,1375,349,2,0,0,0,central_asia
HERAT,2006,1374,329,0,6,8,0,central_asia
BALKH,2007,1400,306,14,14,0,0,central_asia
QUETTA,2009,1402,347,0,4,8,0,central_asia
KANDAHAR,2010,1398,341,4,5,0,0,central_asia
KABUL,451,1418,321,6,10,0,0,central_asia
BALUCHISTAN,452,1397,374,0,20,10,0,central_asia
LHASA,453,1535,352,0,0,0,0,central_asia
NGARI,454,1476,333,0,0,0,0,central_asia
HIMALAYAS,455,1511,362,0,8,8,0,central_asia
EASTERN_HIMALAYAS,921,1531,366,3,0,0,0,central_asia
BIHAR,456,1510,378,81,30,0,0,india
WEST_BENGAL,457,1524,389,80,9,0,0,india
EAST_BENGAL,466,1536,385,4,0,0,0,india
ASSAM,458,1544,371,29,0,0,0,india
DELHI,459,1463,360,0,0,0,2,india
AWADH,460,1484,371,0,0,0,0,india
AGRA,918,1477,360,4,2,0,0,india
GUJARAT,461,1435,393,0,4,0,0,india
BUNDELKHAND,916,1474,381,12,8,0,0,india
MALWA,462,1469,370,4,11,0,0,india
KASHMIR,463,1452,314,0,8,0,0,india
PUNJAB,464,1431,348,6,6,0,0,india
HILL_PUNJAB,920,1451,343,0,12,0,0,india
CENTRAL_PROVINCES,465,1470,404,21,22,0,0,india
SINDH,467,1413,378,0,0,0,4,india
RAJPUTANA,468,1447,374,0,24,6,3,india
CEYLON,469,1479,485,0,0,0,0,india
INDIAN_OCEAN_TERRITORY,470,1340,648,0,0,0,0,india
ORISSA,471,1514,408,21,36,0,0,india
CIRCARS,472,1501,405,4,2,0,0,india
MYSORE,473,1463,449,0,24,0,0,india
TRAVANCORE,474,1457,461,0,0,2,0,india
MADRAS,475,1479,450,0,26,0,0,india
KURNOOL,915,1465,437,0,15,0,0,india
HYDERABAD,476,1469,426,6,4,0,0,india
BOMBAY,477,1440,418,12,23,0,0,india
TENASSERIM,523,1590,461,0,5,0,0,india
KACHIN,524,1579,377,0,7,0,0,india
SHAN_STATES,525,1580,397,5,8,34,0,india
MANDALAY,2000,1571,398,0,16,0,0,india
PEGU,526,1570,431,0,0,0,0,india
ARAKAN,919,1553,407,0,0,0,0,india
DZUNGARIA,478,1522,258,0,24,36,80,east_asia
TIANSHAN,479,1482,277,0,0,0,0,east_asia
SICHUAN,480,1617,345,60,0,0,40,east_asia
YUNNAN,481,1610,381,40,60,0,0,east_asia
GUIZHOU,482,1631,371,32,0,0,0,east_asia
SHAOZHOU,483,1670,382,0,36,0,0,east_asia
ALXA,484,1628,284,32,0,0,0,east_asia
HINGGAN,485,1649,288,0,36,24,0,east_asia
GUANGXI,486,1638,393,0,0,0,0,east_asia
BEIJING,487,1685,284,28,30,15,0,east_asia
SHENGJING,680,1724,272,0,0,15,0,east_asia
OUTER_MANCHURIA,488,1791,228,12,16,24,0,east_asia
SOUTHERN_MANCHURIA,489,1745,262,60,75,45,0,east_asia
NORTHERN_MANCHURIA,490,1728,235,40,36,0,0,east_asia
SHANXI,491,1663,295,116,96,0,48,east_asia
NINGXIA,492,1615,310,0,0,0,0,east_asia
GANSU,493,1586,288,0,0,0,0,east_asia
XIAN,494,1644,322,72,0,0,60,east_asia
QINGHAI,495,1578,304,48,0,0,0,east_asia
CHONGQING,496,1633,352,36,0,0,0,east_asia
GUANGDONG,497,1666,388,0,0,0,0,east_asia
FUJIAN,498,1691,378,0,0,0,0,east_asia
ZHEJIANG,499,1709,349,0,0,0,0,east_asia
JIANGSU,500,1696,322,0,0,0,0,east_asia
NANJING,501,1700,336,0,0,0,0,east_asia
HENAN,502,1672,319,52,0,0,36,east_asia
ZHILI,503,1682,291,5,9,0,36,east_asia
JIANGXI,504,1683,356,52,0,0,0,east_asia
SOUTHERN_ANHUI,505,1692,336,40,0,0,0,east_asia
NORTHERN_ANHUI,506,1676,326,48,0,0,0,east_asia
WESTERN_HUBEI,507,1660,348,0,0,0,0,east_asia
EASTERN_HUBEI,508,1675,347,0,0,0,0,east_asia
HUNAN,509,1668,363,0,0,0,44,east_asia
FORMOSA,510,1715,381,0,0,0,0,east_asia
SHANDONG,511,1698,302,0,0,0,32,east_asia
SUZHOU,512,1714,342,0,0,0,0,east_asia
ULIASTAI,513,1596,243,36,33,0,0,east_asia
URGA,514,1630,228,36,45,0,0,east_asia
CAMBODIA,515,1619,460,0,30,0,0,east_asia
BANGKOK,516,1592,449,0,0,0,0,east_asia
TONKIN,517,1625,404,32,0,0,0,east_asia
ANNAM,518,1639,435,24,27,0,0,east_asia
MEKONG,519,1634,463,0,0,0,0,east_asia
LAOS,520,1606,412,32,36,0,0,east_asia
CHIANG_MAI,521,1585,415,32,0,36,0,east_asia
NAKHON_RATCHASIMA,522,1606,443,0,0,0,0,east_asia
SAKHALIN,527,1838,238,32,45,0,0,east_asia
HOKKAIDO,528,1829,265,36,33,36,32,east_asia
TOHOKU,529,1825,295,0,60,45,0,east_asia
KANTO,530,1819,313,0,36,30,0,east_asia
CHUBU,531,1801,314,0,0,33,0,east_asia
KANSAI,532,1797,315,0,0,0,0,east_asia
KYUSHU,533,1767,326,72,0,36,40,east_asia
RYUKYU_ISLANDS,1030,1746,375,0,0,0,0,east_asia
CHUGOKU,534,1778,321,0,0,24,40,east_asia
SHIKOKU,535,1786,322,0,24,0,32,east_asia
SEOUL,536,1747,299,0,30,27,0,east_asia
BUSAN,537,1758,310,10,0,0,0,east_asia
YANGHO,690,1745,314,10,0,0,10,east_asia
SARIWON,538,1749,283,36,33,39,28,east_asia
PYONGYANG,539,1739,289,60,36,36,0,east_asia
MALAYA,540,1602,509,32,0,24,0,indonesia
NORTH_BORNEO,541,1676,499,0,24,0,36,indonesia
WEST_BORNEO,542,1646,527,0,0,30,0,indonesia
EAST_BORNEO,543,1675,543,28,0,0,0,indonesia
WEST_JAVA,544,1629,560,20,0,0,32,indonesia
EAST_JAVA,545,1666,570,0,0,0,40,indonesia
CENTRAL_JAVA,912,1651,569,0,0,0,32,indonesia
NORTH_SUMATRA,546,1612,535,40,0,0,48,indonesia
SOUTH_SUMATRA,914,1620,539,40,0,0,48,indonesia
ACEH,547,1586,505,0,15,0,20,indonesia
WESTERN_NEW_GUINEA,548,1779,542,0,18,0,0,indonesia
MOLUCCAS,549,1755,543,0,0,0,0,indonesia
CELEBES,913,1705,553,0,27,0,0,indonesia
EASTERN_NEW_GUINEA,550,1861,577,0,24,0,32,indonesia
SUNDA_ISLANDS,551,1729,582,0,24,0,40,indonesia
MINDANAO,552,1737,486,0,36,0,0,indonesia
LUZON,553,1715,441,0,24,0,0,indonesia
VISAYAS,554,1728,466,5,30,0,0,indonesia
WEST_MICRONESIA,555,1888,480,0,0,0,0,indonesia
EAST_MICRONESIA,1000,1988,489,0,0,0,0,indonesia
SOLOMON_ISLANDS,556,1936,580,0,0,0,0,indonesia
NAURU,1006,1973,527,0,0,0,0,indonesia
FIJI,1002,2034,629,0,0,0,0,indonesia
VANUATU,1003,1983,624,0,0,0,0,indonesia
KANAK,1004,1962,645,0,0,8,0,indonesia
BOUGAINVILLE,1005,1908,560,0,0,0,0,indonesia
TAHITI,557,222,700,0,0,0,0,indonesia
TONGA,1020,67,616,0,0,0,0,indonesia
NEW_SOUTH_WALES,558,1872,734,80,36,0,0,australasia
VICTORIA,559,1850,750,0,0,0,24,australasia
TASMANIA,1022,1861,787,0,15,15,0,australasia
QUEENSLAND,560,1893,686,0,45,45,0,australasia
SOUTH_AUSTRALIA,561,1814,730,0,30,36,60,australasia
WESTERN_AUSTRALIA,562,1685,712,40,30,0,0,australasia
NORTHERN_TERRITORY,563,1767,599,0,0,0,0,australasia
NORTH_ISLAND,564,2021,773,28,27,0,0,australasia
SOUTH_ISLAND,565,2006,791,0,0,0,0,australasia
URAL,566,1368,160,84,96,81,0,siberia
TOMSK,567,1494,175,85,27,0,0,siberia
TUVA,600,1569,201,44,18,0,0,siberia
TOBOLSK,568,1438,172,44,10,0,0,siberia
UPPER_YENISEYSK,569,1561,134,15,10,0,0,siberia
OB,571,1407,74,20,0,0,0,siberia
CHUKOTKA,575,1996,88,36,0,0,0,siberia
KAMCHATKA,576,1927,190,0,0,0,0,siberia
OKHOTSK,579,1882,137,36,0,0,0,siberia
YAKUTSK,581,1758,116,36,0,16,0,siberia
TRANS_BAIKAL,582,1672,198,80,33,28,44,siberia
IRKUTSK,583,1621,194,50,36,0,0,siberia
TALINN,151,1164,141,0,0,0,0,russia
TARTU,802,1174,149,0,0,0,0,russia
RIGA,152,1161,160,0,0,0,0,russia
COURLAND,801,1159,163,0,0,0,0,russia
KAUNAS,153,1162,176,0,0,0,0,russia
VILNIUS,800,1169,177,0,0,0,0,russia
KUOPIO,803,1178,119,0,11,0,0,russia
UUSIMAA,13,1165,131,0,5,5,0,russia
WEST_KARELIA,917,1188,130,0,18,0,0,russia
ALAND,1021,1136,132,0,0,0,0,russia
OSTROBOTHNIA,14,1147,108,0,0,5,0,russia
OULU,804,1171,89,0,45,0,0,russia
EAST_KARELIA,139,1219,118,0,25,0,0,russia
KOLA,805,1214,55,0,85,0,10,russia
INGRIA,131,1192,136,0,0,0,0,russia
MOSCOW,132,1235,165,60,30,0,0,russia
BREST,133,1161,186,0,0,0,0,russia
VOLHYNIA,134,1166,205,42,0,0,0,russia
KIEV,135,1195,213,36,14,0,0,russia
ORYOL,136,1229,190,58,16,0,0,russia
SMOLENSK,137,1204,180,8,0,0,0,russia
MOGILEV,138,1192,183,0,0,0,0,russia
ARKHANGELSK,140,1252,94,0,0,0,0,russia
NOVGOROD,141,1202,145,24,0,0,0,russia
CRIMEA,142,1217,250,0,15,0,0,russia
KHARKOV,143,1230,217,60,28,0,0,russia
KURSK,144,1227,201,0,93,0,12,russia
TVER,145,1229,160,8,0,0,0,russia
CHERSON,146,1178,238,48,92,0,0,russia
GALICH,147,1253,142,72,12,0,0,russia
MINSK,148,1179,183,5,8,0,0,russia
ROSTOV,149,1250,232,108,0,0,0,russia
PERM,150,1336,149,80,75,0,0,russia
KAZAN,439,1303,172,30,0,0,0,russia
URALSK,441,1315,205,0,0,0,0,russia
KHIVA,442,1368,274,0,0,0,0,russia
SEMIRECHE,447,1481,211,28,0,16,0,russia
JETISY,681,1456,254,12,0,20,0,russia
AKMOLINSK,448,1432,206,68,16,0,0,russia
FERGANA,806,1418,277,0,21,0,0,russia
MERZ,807,1384,292,0,21,0,0,russia
SYRDARYA,808,1397,251,0,15,60,0,russia
AKTOBE,809,1349,213,0,10,0,0,russia
KALMYKIA,810,1278,244,0,0,0,0,russia
NORTH_CAUCASUS,811,1285,260,16,12,0,0,russia
TAURIDA,812,1225,227,35,48,0,0,russia
TAMBOV,816,1261,194,0,10,0,0,russia
RYAZAN,817,1243,181,21,0,0,0,russia
VITEBSK,819,1194,171,0,0,0,0,russia
PSKOV,820,1184,153,0,0,0,0,russia
YAROSLAVL,821,1248,153,0,6,0,0,russia
NIZHNY_NOVGOROD,823,1272,163,0,25,0,0,russia
VYATKA,824,1318,160,15,0,0,10,russia
UFA,825,1342,176,10,25,16,0,russia
SURGUT,826,1439,123,0,0,0,0,russia
KRASNOYARSK,827,1567,160,40,15,0,0,russia
ALTAI,828,1514,198,0,7,12,0,russia
BURYATIA,829,1636,202,24,10,0,0,russia
KOLYMA,830,1899,67,8,0,0,0,russia
AMUR,831,1749,208,20,25,0,0,russia
CHELYABINSK,832,1372,175,25,95,0,0,russia
ELIZAVETPOL,833,1289,279,0,10,0,0,russia
STAVROPOL,835,1268,255,0,0,0,0,russia
CHUVASHIA,837,1304,161,0,0,0,15,russia
CHERNIHIV,838,1201,201,0,0,0,0,russia
NENETSIA,572,1329,66,30,0,0,0,russia
